12240;Baar Erich
12242;Bauer Peter
12244;Baumann Daniel
12246;Braun Matthias
12249;Bucek Michael
12252;Dilly Franz
12254;Eder Lisa
12256;Ehrenmüller Markus
12257;Eisserer Clemens
12265;Fürlinger Josef
12281;Holzleitner Jürgen
12284;Huemer Martin
12287;Kainerstorfer Richard
12288;Kaiser Alexander
12289;Karpowicz Michal
12292;Keck-Jordan Andrea
12294;Kerschner Martin
12295;Kiesenhofer Maximilian
12297;Knogler Kerstin
12303;Kurz Matthias
12305;Leitner Helmut
12324;Pachschwöll Cornelia
12331;Raschhofer Robert
12332;Reder Robert
12336;Reisinger Hannes
12341;Schmidt Silke
12350;Steiner Dietmar
12351;Steiner Martin
12357;Stütz Thomas
12363;Venzl Bernhard
12364;Wagner Michael
12368;Wiedermann Alfred