Aberger Christian;Dienstag;6;12:45 - 13:35;E74
Aistleitner Gerald;Donnerstag;6;12:45 - 13:35;206
Aitenbichler Herbert;Mittwoch;2;08:55 - 09:45;254
Andraschko Benjamin;Mittwoch;5;11:50 - 12:40;T4
Anzenberger Peter;Donnerstag;6;12:45 - 13:35;E31
Apollonio Eva-Maria;Montag;5;11:50 - 12:40;223
Arzt Miriam;Freitag;3;10:00 - 10:50;223
Atak Mehmet;;;;
Auernig Franz;Donnerstag;5;11:50 - 12:40;E31
Baar Erich;Freitag;4;10:55 - 11:45;E05
Bärnthaler Andreas;Mittwoch;4;10:55 - 11:45;237
Bauer Peter;Dienstag;6;12:45 - 13:35;E52
Bauernfeind Raphael;;;;
Baumann Daniel;Mittwoch;6;12:45 - 13:35;148
Bodenstorfer Bernhard;Dienstag;3;10:00 - 10:50;254
Braun Matthias;Freitag;3;10:00 - 10:50;E31
Brenn Rosemarie;Dienstag;6;12:45 - 13:35;E05
Brückner Margit;;;;
Bucek Michael;Mittwoch;5;11:50 - 12:40;103
Dellinger Franz;Dienstag;2;08:55 - 09:45;E08
Denkmair Rainer;Dienstag;7;13:40 - 14:30;206
Dilly Franz;Mittwoch;2;08:55 - 09:45;223
Draxlbauer Josef;Donnerstag;5;11:50 - 12:40;237
Eder Lisa;Mittwoch;6;12:45 - 13:35;E08
Ehrenberger Günther Ferdinand;Mittwoch;2;08:55 - 09:45;E51
Ehrenmüller Markus;;;;
Eisserer Clemens;;;;
Engleitner Patricia;Dienstag;3;10:00 - 10:50;254
Enzenhofer Mario;;;;
Eppich Christina;Donnerstag;3;10:00 - 10:50;T07
Ernecker Björn;Freitag;8;14:35 - 15:25;E06
Fallmann-Raupach Gerhild;Dienstag;5;11:50 - 12:40;T07
Felsner Anja;Freitag;4;10:55 - 11:45;E06
Frey Peter;Donnerstag;5;11:50 - 12:40;103
Fürlinger Josef;Donnerstag;7;13:40 - 14:30;E31
Gallistl Andreas;Mittwoch;5;11:50 - 12:40;U92
Gallner-Holzmann Katharina;Mittwoch;5;11:50 - 12:40;241
Gehrer Gerhard;Donnerstag;4;10:55 - 11:45;254
Giritzhofer Rudolf;Mittwoch;4;10:55 - 11:45;218
Gruber-Leitner Franz;Montag;6;12:45 - 13:35;E31
Günther Harald;Mittwoch;5;11:50 - 12:40;U08
Hackenbuchner Franz;Mittwoch;5;11:50 - 12:40;U92
Hammer Hans-Christian;Mittwoch;6;12:45 - 13:35;148
Hannesschläger Jürgen;;;;
Haslinger Klaus;Dienstag;5;11:50 - 12:40;U92
Haslinger Markus;Montag;3;10:00 - 10:50;103
Haunschmid Wilfried;;;;
Hinterramskogler Britta;Donnerstag;6;12:45 - 13:35;237
Höfer Gerhard;Montag;3;10:00 - 10:50;254
Hofer Gerhard;;;;
Holzleitner Jürgen;Montag;5;11:50 - 12:40;222
Holzmann Michael;Mittwoch;5;11:50 - 12:40;E08
Huemer Elke;;;;
Huemer Martin;Dienstag;4;10:55 - 11:45;148
Jäger Christian;Donnerstag;3;10:00 - 10:50;T13
Jakob Franz;Mittwoch;3;10:00 - 10:50;E08
Kainerstorfer Richard;Freitag;3;10:00 - 10:50;E38
Kaiser Alexander;Dienstag;5;11:50 - 12:40;U87
Karpowicz Michal;Montag;5;11:50 - 12:40;E32
Kasberger Johannes;Dienstag;3;10:00 - 10:50;222
Kaser Christof;Freitag;4;10:55 - 11:45;E31
Keck-Jordan Andrea;Dienstag;7;13:40 - 14:30;E08
Keplinger Edith;Montag;8;14:35 - 15:25;221
Kerschner Martin;Dienstag;3;10:00 - 10:50;T04
Kiesenhofer Maximilian;Donnerstag;3;10:00 - 10:50;E05
Klewein David;Dienstag;11;17:20 - 18:05;206
Knogler Kerstin;Dienstag;4;10:55 - 11:45;203
Kodre Christina;Donnerstag;3;10:00 - 10:50;226
Köck Gerald;Dienstag;4;10:55 - 11:45;E74
Köck Johann;Donnerstag;4;10:55 - 11:45;E32
Köfler Andreas;;;;
Kornfellner Alexander;Montag;4;10:55 - 11:45;E32
Kurz Matthias;Donnerstag;4;10:55 - 11:45;E53
Lehenbauer Christian;Montag;4;10:55 - 11:45;142
Leitner Helmut;Mittwoch;11;17:20 - 18:05;E32
Lüftner Markus;Dienstag;5;11:50 - 12:40;E51
Luger Angelika;Mittwoch;5;11:50 - 12:40;223
Lugmayr Karin;Dienstag;3;10:00 - 10:50;E08
Luttinger Christian;Montag;7;13:40 - 14:30;U92
Lutz Wolfgang;Donnerstag;5;11:50 - 12:40;E53
Mader Cornelia;Dienstag;5;11:50 - 12:40;226
Matzinger Barbara;Dienstag;5;11:50 - 12:40;218
Mischitz Gernot;Dienstag;6;12:45 - 13:35;E05
Mistelberger Wolfgang;Donnerstag;6;12:45 - 13:35;E51
Mitsea Eirini;;;;
Möschl Edith;Donnerstag;3;10:00 - 10:50;E32
Moser Tamara;Freitag;4;10:55 - 11:45;142
Mühleder Regina;Donnerstag;11;17:20 - 18:05;237
Mühlehner Philipp;Dienstag;3;10:00 - 10:50;254
Niedermaier Maren;;;;
Nimmervoll Raimund;Montag;5;11:50 - 12:40;E51
Nöbauer Klaus;Dienstag;5;11:50 - 12:40;103
Oswald Alois;Dienstag;4;10:55 - 11:45;U92
Pachschwöll Cornelia;Mittwoch;4;10:55 - 11:45;241
Palitsch-Infanger Michael;Freitag;2;08:55 - 09:45;222
Povacz Katharina;Freitag;3;10:00 - 10:50;203
Prantl Anton;Donnerstag;3;10:00 - 10:50;E53
Rager Franz;Donnerstag;2;08:55 - 09:45;E74
Rammelmüller Natascha;Donnerstag;3;10:00 - 10:50;148
Rammer Alfred;Donnerstag;2;08:55 - 09:45;241
Raschhofer Robert;Montag;5;11:50 - 12:40;E53
Reder Robert;Montag;6;12:45 - 13:35;E74
Reichinger Josef;Dienstag;3;10:00 - 10:50;E08
Reisenberger Martina;Dienstag;5;11:50 - 12:40;103
Reisinger Elisabeth;;;;
Reisinger Hannes;Mittwoch;6;12:45 - 13:35;U91
Reiter Riccarda;Montag;6;12:45 - 13:35;218
Rumetshofer Elisabeth;Montag;9;15:30 - 16:20;203
Scheinecker Silke;Mittwoch;3;10:00 - 10:50;203
Schlesinger Ralf;Freitag;4;10:55 - 11:45;E53
Schmidt Silke;Donnerstag;2;08:55 - 09:45;241
Schmidtgrabmer Doris;Donnerstag;4;10:55 - 11:45;E74
Schnalzenberger Mario;;;;
Schneider Klaus Michael;;;;
Schraml Stefan;Dienstag;7;13:40 - 14:30;148
Schröder Birgit;Donnerstag;4;10:55 - 11:45;103
Schwaiger Barbara;Mittwoch;4;10:55 - 11:45;E06
Sokoli Anila;Donnerstag;2;08:55 - 09:45;E08
Sonnleitner Erik;Mittwoch;3;10:00 - 10:50;E31
Steiner Dietmar;Mittwoch;6;12:45 - 13:35;E32
Steiner Martin;Dienstag;5;11:50 - 12:40;U92
Sternath Martin;Mittwoch;3;10:00 - 10:50;221
Stöpp Gerhard;;;;
Stöttinger Robert;Freitag;2;08:55 - 09:45;206
Strecker Alexander;;;;
Stropek Rainer;;;;
Stütz Thomas;Montag;5;11:50 - 12:40;E74
Täubel Michael;Montag;2;08:55 - 09:45;T13
Thieme Linda;;;;
Traunmüller Günter;Dienstag;3;10:00 - 10:50;206
Tumfart Johannes;Dienstag;2;08:55 - 09:45;E74
Unterrainer Gerald;Dienstag;4;10:55 - 11:45;222
Venzl Bernhard;Dienstag;5;11:50 - 12:40;U92
Wagner Michael;Mittwoch;5;11:50 - 12:40;U92
Weißmair Rudolf;Montag;5;11:50 - 12:40;E08
Wellisch Alexandra;Montag;3;10:00 - 10:50;226
Wenigwieser Siegfried;Mittwoch;5;11:50 - 12:40;U92
Wiedermann Alfred;Freitag;4;10:55 - 11:45;E55
Willmann Renate;Mittwoch;5;11:50 - 12:40;218
Wingert Edwin;Mittwoch;7;13:40 - 14:30;T09 